timestamp,T_primary,T_backup,R_meas_1,R_meas_2
2026-04-27 00:00,75.36,75.4,129.01,129.03
2026-04-27 00:10,74.45,74.46,128.66,128.67
2026-04-27 00:20,75.22,75.24,128.96,128.97
2026-04-27 00:30,74.9,75.08,128.84,128.91
2026-04-27 00:40,74.56,74.3,128.71,128.61
2026-04-27 00:50,74.94,74.98,128.85,128.87
2026-04-27 01:00,74.65,74.78,128.74,128.79
2026-04-27 01:10,75.19,75.04,128.95,128.89
2026-04-27 01:20,75.22,75.19,128.96,128.95
2026-04-27 01:30,74.48,74.55,128.67,128.7
2026-04-27 01:40,75.12,75.0,128.92,128.88
2026-04-27 01:50,75.4,75.48,129.03,129.06
2026-04-27 02:00,75.02,75.08,128.88,128.91
2026-04-27 02:10,75.71,75.61,129.15,129.11
2026-04-27 02:20,75.51,75.51,129.07,129.07
2026-04-27 02:30,76.32,76.04,129.38,129.28
2026-04-27 02:40,75.74,75.7,129.16,129.14
2026-04-27 02:50,75.47,75.76,129.06,129.17
2026-04-27 03:00,75.56,75.89,129.09,129.22
2026-04-27 03:10,75.43,75.48,129.04,129.06
2026-04-27 03:20,75.45,75.35,129.05,129.01
2026-04-27 03:30,75.72,75.67,129.15,129.13
2026-04-27 03:40,75.81,75.49,129.19,129.06
2026-04-27 03:50,76.57,76.54,129.48,129.47
2026-04-27 04:00,76.5,76.35,129.45,129.39
2026-04-27 04:10,75.95,76.42,129.24,129.42
2026-04-27 04:20,75.51,75.29,129.07,128.99
2026-04-27 04:30,75.67,75.74,129.13,129.16
2026-04-27 04:40,76.19,76.38,129.33,129.41
2026-04-27 04:50,75.83,75.59,129.19,129.1
2026-04-27 05:00,75.77,75.96,129.17,129.24
2026-04-27 05:10,76.15,75.86,129.32,129.21
2026-04-27 05:20,75.96,76.17,129.24,129.33
2026-04-27 05:30,76.84,76.92,129.58,129.61
2026-04-27 05:40,76.12,75.93,129.31,129.23
2026-04-27 05:50,75.66,75.67,129.13,129.13
2026-04-27 06:00,76.2,76.29,129.34,129.37
2026-04-27 06:10,75.81,75.63,129.19,129.12
2026-04-27 06:20,75.68,75.51,129.14,129.07
2026-04-27 06:30,76.24,75.9,129.35,129.22
2026-04-27 06:40,75.84,75.91,129.2,129.23
2026-04-27 06:50,76.57,76.58,129.48,129.48
2026-04-27 07:00,76.35,76.29,129.39,129.37
2026-04-27 07:10,75.63,75.53,129.12,129.08
2026-04-27 07:20,76.52,76.67,129.46,129.52
2026-04-27 07:30,76.08,76.58,129.29,129.48
2026-04-27 07:40,75.85,75.94,129.2,129.24
2026-04-27 07:50,75.95,75.92,129.24,129.23
2026-04-27 08:00,76.73,76.95,129.54,129.63
2026-04-27 08:10,75.21,75.15,128.96,128.93
2026-04-27 08:20,75.9,76.02,129.22,129.27
2026-04-27 08:30,75.15,74.81,128.93,128.8
2026-04-27 08:40,74.89,74.88,128.83,128.83
2026-04-27 08:50,75.56,75.62,129.09,129.11
2026-04-27 09:00,75.25,75.07,128.97,128.9
2026-04-27 09:10,74.7,74.75,128.76,128.78
2026-04-27 09:20,75.61,75.76,129.11,129.17
2026-04-27 09:30,75.73,75.7,129.16,129.14
2026-04-27 09:40,75.9,75.88,129.22,129.21
2026-04-27 09:50,75.04,74.96,128.89,128.86
2026-04-27 10:00,82.37,82.39,131.71,131.72
2026-04-27 10:10,83.18,83.08,132.02,131.99
2026-04-27 10:20,83.8,83.8,132.26,132.26
2026-04-27 10:30,82.69,82.68,131.84,131.83
2026-04-27 10:40,82.47,82.48,131.75,131.75
2026-04-27 10:50,83.97,84.13,132.33,132.39
2026-04-27 11:00,82.8,82.63,131.88,131.81
2026-04-27 11:10,83.08,82.96,131.99,131.94
2026-04-27 11:20,83.73,83.45,132.24,132.13
2026-04-27 11:30,82.79,82.79,131.87,131.87
2026-04-27 11:40,82.93,82.63,131.93,131.81
2026-04-27 11:50,82.33,82.53,131.7,131.77
2026-04-27 12:00,83.8,83.49,132.26,132.14
2026-04-27 12:10,82.17,82.41,131.64,131.73
2026-04-27 12:20,82.13,82.43,131.62,131.74
2026-04-27 12:30,81.99,82.04,131.57,131.59
2026-04-27 12:40,81.98,81.91,131.56,131.54
2026-04-27 12:50,82.3,82.35,131.69,131.7
2026-04-27 13:00,82.59,82.62,131.8,131.81
2026-04-27 13:10,74.13,74.03,128.54,128.5
2026-04-27 13:20,74.25,74.26,128.59,128.59
2026-04-27 13:30,73.55,73.81,128.32,128.42
2026-04-27 13:40,74.18,74.16,128.56,128.55
2026-04-27 13:50,73.55,73.44,128.32,128.27
2026-04-27 14:00,74.24,74.22,128.58,128.57
2026-04-27 14:10,73.88,73.85,128.44,128.43
2026-04-27 14:20,73.89,73.87,128.45,128.44
2026-04-27 14:30,73.89,73.86,128.45,128.44
2026-04-27 14:40,73.87,73.97,128.44,128.48
2026-04-27 14:50,73.44,73.31,128.27,128.22
2026-04-27 15:00,73.06,72.95,128.13,128.09
2026-04-27 15:10,73.0,73.13,128.1,128.16
2026-04-27 15:20,73.33,73.57,128.23,128.32
2026-04-27 15:30,74.22,74.23,128.57,128.58
2026-04-27 15:40,72.65,72.59,127.97,127.95
2026-04-27 15:50,73.2,72.98,128.18,128.1
2026-04-27 16:00,73.1,73.14,128.14,128.16
2026-04-27 16:10,72.99,72.87,128.1,128.05
2026-04-27 16:20,72.84,73.11,128.04,128.15
2026-04-27 16:30,73.05,72.93,128.12,128.08
2026-04-27 16:40,72.94,73.08,128.08,128.14
2026-04-27 16:50,72.8,72.87,128.03,128.05
2026-04-27 17:00,73.34,73.45,128.24,128.28
2026-04-27 17:10,73.6,73.51,128.34,128.3
2026-04-27 17:20,73.48,73.36,128.29,128.24
2026-04-27 17:30,72.85,73.03,128.05,128.12
2026-04-27 17:40,73.33,73.33,128.23,128.23
2026-04-27 17:50,72.52,72.61,127.92,127.95
2026-04-27 18:00,72.75,72.61,128.01,127.95
2026-04-27 18:10,72.74,72.78,128.0,128.02
2026-04-27 18:20,72.16,72.21,127.78,127.8
2026-04-27 18:30,73.08,72.99,128.14,128.1
2026-04-27 18:40,73.44,73.53,128.27,128.31
2026-04-27 18:50,72.79,72.69,128.02,127.99
2026-04-27 19:00,73.33,73.1,128.23,128.14
2026-04-27 19:10,72.94,72.84,128.08,128.04
2026-04-27 19:20,73.12,73.15,128.15,128.16
2026-04-27 19:30,73.13,73.3,128.16,128.22
2026-04-27 19:40,73.23,73.18,128.19,128.17
2026-04-27 19:50,72.69,72.79,127.99,128.02
2026-04-27 20:00,73.41,73.63,128.26,128.35
2026-04-27 20:10,72.94,72.94,128.08,128.08
2026-04-27 20:20,73.25,73.23,128.2,128.19
2026-04-27 20:30,73.31,73.06,128.22,128.13
2026-04-27 20:40,73.68,73.78,128.37,128.41
2026-04-27 20:50,73.85,74.18,128.43,128.56
2026-04-27 21:00,73.31,73.31,128.22,128.22
2026-04-27 21:10,73.49,73.78,128.29,128.41
2026-04-27 21:20,72.84,72.92,128.04,128.07
2026-04-27 21:30,73.0,72.61,128.1,127.95
2026-04-27 21:40,72.83,72.62,128.04,127.96
2026-04-27 21:50,74.12,73.99,128.54,128.49
2026-04-27 22:00,73.66,73.48,128.36,128.29
2026-04-27 22:10,74.05,73.89,128.51,128.45
2026-04-27 22:20,74.39,74.24,128.64,128.58
2026-04-27 22:30,73.62,73.64,128.34,128.35
2026-04-27 22:40,74.0,74.21,128.49,128.57
2026-04-27 22:50,74.1,73.92,128.53,128.46
2026-04-27 23:00,73.89,73.8,128.45,128.41
2026-04-27 23:10,74.47,74.52,128.67,128.69
2026-04-27 23:20,74.19,74.32,128.56,128.61
2026-04-27 23:30,74.09,74.07,128.52,128.52
2026-04-27 23:40,74.44,74.67,128.66,128.75
2026-04-27 23:50,74.4,74.34,128.64,128.62
