timestamp,BSW_pct,watercut_raw,f_resonance
2026-04-27 00:00,12.166,12.166,2.9079
2026-04-27 00:10,11.799,11.799,2.9295
2026-04-27 00:20,12.04,12.04,2.8932
2026-04-27 00:30,12.005,12.005,2.9162
2026-04-27 00:40,12.142,12.142,2.9211
2026-04-27 00:50,12.068,12.068,2.9188
2026-04-27 01:00,12.058,12.058,2.9064
2026-04-27 01:10,11.837,11.837,2.9096
2026-04-27 01:20,11.732,11.732,2.9262
2026-04-27 01:30,12.216,12.216,2.9239
2026-04-27 01:40,11.88,11.88,2.9127
2026-04-27 01:50,11.912,11.912,2.9292
2026-04-27 02:00,12.105,12.105,2.9353
2026-04-27 02:10,11.806,11.806,2.9159
2026-04-27 02:20,11.748,11.748,2.9041
2026-04-27 02:30,11.969,11.969,2.9147
2026-04-27 02:40,11.897,11.897,2.9028
2026-04-27 02:50,12.039,12.039,2.9151
2026-04-27 03:00,12.183,12.183,2.9233
2026-04-27 03:10,11.738,11.738,2.9222
2026-04-27 03:20,11.88,11.88,2.9334
2026-04-27 03:30,12.174,12.174,2.9128
2026-04-27 03:40,12.279,12.279,2.9027
2026-04-27 03:50,12.795,12.795,2.9384
2026-04-27 04:00,12.374,12.374,2.9151
2026-04-27 04:10,12.878,12.878,2.9112
2026-04-27 04:20,13.324,13.324,2.9292
2026-04-27 04:30,13.211,13.211,2.9375
2026-04-27 04:40,13.447,13.447,2.9141
2026-04-27 04:50,13.676,13.676,2.9089
2026-04-27 05:00,14.091,14.091,2.9221
2026-04-27 05:10,13.909,13.909,2.9142
2026-04-27 05:20,13.978,13.978,2.9186
2026-04-27 05:30,14.081,14.081,2.916
2026-04-27 05:40,14.417,14.417,2.9213
2026-04-27 05:50,14.909,14.909,2.923
2026-04-27 06:00,14.855,14.855,2.908
2026-04-27 06:10,15.0,15.0,2.9148
2026-04-27 06:20,15.338,15.338,2.909
2026-04-27 06:30,15.227,15.227,2.9165
2026-04-27 06:40,15.872,15.872,2.9329
2026-04-27 06:50,15.939,15.939,2.9042
2026-04-27 07:00,16.242,16.242,2.9053
2026-04-27 07:10,15.986,15.986,2.9183
2026-04-27 07:20,16.044,16.044,2.922
2026-04-27 07:30,16.489,16.489,2.9175
2026-04-27 07:40,16.515,16.515,2.9219
2026-04-27 07:50,16.963,16.963,2.9094
2026-04-27 08:00,17.229,17.229,2.8862
2026-04-27 08:10,17.292,17.292,2.9116
2026-04-27 08:20,17.241,17.241,2.9145
2026-04-27 08:30,17.68,17.68,2.905
2026-04-27 08:40,17.736,17.736,2.9118
2026-04-27 08:50,18.019,18.019,2.9242
2026-04-27 09:00,18.027,18.027,2.9251
2026-04-27 09:10,18.039,18.039,2.915
2026-04-27 09:20,18.136,18.136,2.9126
2026-04-27 09:30,18.804,18.804,2.9314
2026-04-27 09:40,18.85,18.85,2.9037
2026-04-27 09:50,19.225,19.225,2.9112
2026-04-27 10:00,19.22,19.22,2.92
2026-04-27 10:10,19.599,19.599,2.8931
2026-04-27 10:20,19.57,19.57,2.9103
2026-04-27 10:30,19.526,19.526,2.8942
2026-04-27 10:40,19.907,19.907,2.9055
2026-04-27 10:50,19.955,19.955,2.9087
2026-04-27 11:00,20.21,20.21,2.91
2026-04-27 11:10,20.775,20.775,2.9089
2026-04-27 11:20,21.016,21.016,2.9214
2026-04-27 11:30,21.014,21.014,2.9017
2026-04-27 11:40,20.941,20.941,2.8999
2026-04-27 11:50,21.263,21.263,2.9081
2026-04-27 12:00,21.448,21.448,2.9116
2026-04-27 12:10,21.574,21.574,2.9049
2026-04-27 12:20,21.525,21.525,2.9041
2026-04-27 12:30,22.043,22.043,2.9063
2026-04-27 12:40,22.068,22.068,2.9166
2026-04-27 12:50,22.358,22.358,2.8929
2026-04-27 13:00,22.424,22.424,2.8989
2026-04-27 13:10,22.609,22.609,2.9113
2026-04-27 13:20,22.902,22.902,2.9237
2026-04-27 13:30,22.88,22.88,2.9042
2026-04-27 13:40,23.275,23.275,2.9163
2026-04-27 13:50,23.134,23.134,2.9137
2026-04-27 14:00,23.653,23.653,2.9048
2026-04-27 14:10,23.644,23.644,2.9137
2026-04-27 14:20,23.965,23.965,2.91
2026-04-27 14:30,23.914,23.914,2.8889
2026-04-27 14:40,24.221,24.221,2.9031
2026-04-27 14:50,24.512,24.512,2.8978
2026-04-27 15:00,24.727,24.727,2.9094
2026-04-27 15:10,24.632,24.632,2.9148
2026-04-27 15:20,24.891,24.891,2.8981
2026-04-27 15:30,25.19,25.19,2.9047
2026-04-27 15:40,25.139,25.139,2.9111
2026-04-27 15:50,25.498,25.498,2.8969
2026-04-27 16:00,25.329,25.329,2.9089
2026-04-27 16:10,25.88,25.88,2.9053
2026-04-27 16:20,26.315,26.315,2.8788
2026-04-27 16:30,26.474,26.474,2.9172
2026-04-27 16:40,26.204,26.204,2.9139
2026-04-27 16:50,26.418,26.418,2.8932
2026-04-27 17:00,26.74,26.74,2.9215
2026-04-27 17:10,27.012,27.012,2.9035
2026-04-27 17:20,27.297,27.297,2.8965
2026-04-27 17:30,27.6,27.6,2.9181
2026-04-27 17:40,27.566,27.566,2.8946
2026-04-27 17:50,27.874,27.874,2.9051
2026-04-27 18:00,27.969,27.969,2.9134
2026-04-27 18:10,28.107,28.107,2.8929
2026-04-27 18:20,28.498,28.498,2.9043
2026-04-27 18:30,28.445,28.445,2.9077
2026-04-27 18:40,28.622,28.622,2.9089
2026-04-27 18:50,28.779,28.779,2.8994
2026-04-27 19:00,28.81,28.81,2.8961
2026-04-27 19:10,29.042,29.042,2.9109
2026-04-27 19:20,29.213,29.213,2.8997
2026-04-27 19:30,29.44,29.44,2.9059
2026-04-27 19:40,29.77,29.77,2.92
2026-04-27 19:50,29.541,29.541,2.8982
2026-04-27 20:00,30.115,30.115,2.883
2026-04-27 20:10,30.528,30.528,2.8983
2026-04-27 20:20,30.201,30.201,2.9095
2026-04-27 20:30,30.1,30.1,2.902
2026-04-27 20:40,30.522,30.522,2.8993
2026-04-27 20:50,30.975,30.975,2.907
2026-04-27 21:00,31.162,31.162,2.9197
2026-04-27 21:10,31.272,31.272,2.8953
2026-04-27 21:20,31.685,31.685,2.8977
2026-04-27 21:30,31.704,31.704,2.8589
2026-04-27 21:40,31.891,31.891,2.8974
2026-04-27 21:50,31.893,31.893,2.8915
2026-04-27 22:00,32.341,32.341,2.8772
2026-04-27 22:10,32.97,32.97,2.9086
2026-04-27 22:20,32.594,32.594,2.9164
2026-04-27 22:30,32.755,32.755,2.8883
2026-04-27 22:40,33.085,33.085,2.8806
2026-04-27 22:50,33.18,33.18,2.9088
2026-04-27 23:00,33.347,33.347,2.8821
2026-04-27 23:10,33.461,33.461,2.8953
2026-04-27 23:20,33.452,33.452,2.8734
2026-04-27 23:30,33.543,33.543,2.8914
2026-04-27 23:40,34.185,34.185,2.9233
2026-04-27 23:50,34.311,34.311,2.8878
