timestamp,GOR,Q_oil,Q_gas,Q_water
2026-04-27 00:00,887.7,17885,15.8777,2401
2026-04-27 00:10,878.7,17877,15.7089,2492
2026-04-27 00:20,873.8,17902,15.6438,2429
2026-04-27 00:30,878.9,17868,15.7044,2360
2026-04-27 00:40,892.1,17935,16.0011,2414
2026-04-27 00:50,871.2,17925,15.616,2408
2026-04-27 01:00,881.2,17831,15.7124,2398
2026-04-27 01:10,877.5,17904,15.7115,2401
2026-04-27 01:20,882.4,17944,15.8343,2398
2026-04-27 01:30,890.0,17920,15.9491,2430
2026-04-27 01:40,878.6,17882,15.7122,2427
2026-04-27 01:50,888.2,17956,15.948,2422
2026-04-27 02:00,883.9,17944,15.8615,2392
2026-04-27 02:10,895.7,17992,16.1163,2432
2026-04-27 02:20,906.9,17822,16.1635,2383
2026-04-27 02:30,887.0,17879,15.8596,2411
2026-04-27 02:40,886.7,17955,15.9209,2429
2026-04-27 02:50,893.4,17849,15.9474,2416
2026-04-27 03:00,896.0,17917,16.0543,2400
2026-04-27 03:10,902.3,17872,16.1257,2388
2026-04-27 03:20,896.8,17926,16.077,2425
2026-04-27 03:30,889.6,17834,15.8659,2362
2026-04-27 03:40,888.8,17939,15.9452,2423
2026-04-27 03:50,878.1,17926,15.7419,2397
2026-04-27 04:00,884.7,18009,15.9322,2407
2026-04-27 04:10,899.9,18028,16.2242,2382
2026-04-27 04:20,890.4,17974,16.0048,2360
2026-04-27 04:30,894.4,17902,16.0127,2429
2026-04-27 04:40,897.3,17854,16.0214,2429
2026-04-27 04:50,901.1,17847,16.0817,2379
2026-04-27 05:00,890.3,17842,15.8849,2431
2026-04-27 05:10,892.1,17886,15.9554,2368
2026-04-27 05:20,891.6,17974,16.0261,2422
2026-04-27 05:30,881.9,17850,15.7429,2419
2026-04-27 05:40,891.0,17872,15.9235,2374
2026-04-27 05:50,884.3,17904,15.8338,2388
2026-04-27 06:00,904.1,17896,16.1808,2371
2026-04-27 06:10,900.5,17967,16.1802,2377
2026-04-27 06:20,881.3,17876,15.7546,2359
2026-04-27 06:30,908.0,17830,16.1903,2390
2026-04-27 06:40,906.6,17943,16.2669,2384
2026-04-27 06:50,888.4,17890,15.8939,2392
2026-04-27 07:00,906.5,17892,16.2186,2359
2026-04-27 07:10,902.2,17951,16.196,2393
2026-04-27 07:20,900.3,17902,16.1172,2363
2026-04-27 07:30,893.2,17842,15.9373,2380
2026-04-27 07:40,886.1,17916,15.8756,2405
2026-04-27 07:50,882.7,17854,15.7606,2399
2026-04-27 08:00,896.7,17903,16.0543,2333
2026-04-27 08:10,902.9,17988,16.2428,2447
2026-04-27 08:20,896.6,17933,16.08,2380
2026-04-27 08:30,893.4,17843,15.9415,2403
2026-04-27 08:40,880.1,17929,15.7787,2389
2026-04-27 08:50,897.2,17909,16.068,2386
2026-04-27 09:00,897.4,17841,16.01,2392
2026-04-27 09:10,885.8,17937,15.8894,2397
2026-04-27 09:20,891.8,17926,15.9867,2329
2026-04-27 09:30,881.7,17905,15.7879,2430
2026-04-27 09:40,893.2,17965,16.0465,2393
2026-04-27 09:50,888.9,17875,15.8885,2386
2026-04-27 10:00,880.9,17872,15.7434,2394
2026-04-27 10:10,881.7,17901,15.7838,2345
2026-04-27 10:20,889.8,17908,15.9346,2413
2026-04-27 10:30,882.0,17874,15.766,2429
2026-04-27 10:40,883.9,17999,15.9095,2357
2026-04-27 10:50,882.5,17843,15.7476,2376
2026-04-27 11:00,877.6,17875,15.6873,2423
2026-04-27 11:10,874.1,17930,15.673,2356
2026-04-27 11:20,879.4,17965,15.7986,2413
2026-04-27 11:30,884.1,17931,15.8539,2417
2026-04-27 11:40,886.3,17970,15.9275,2368
2026-04-27 11:50,880.1,17931,15.7816,2422
2026-04-27 12:00,884.5,17965,15.8897,2384
2026-04-27 12:10,868.5,17963,15.6023,2399
2026-04-27 12:20,874.3,17901,15.6516,2387
2026-04-27 12:30,886.1,17944,15.9005,2409
2026-04-27 12:40,881.7,17901,15.7843,2430
2026-04-27 12:50,857.8,17841,15.3054,2398
2026-04-27 13:00,872.8,17852,15.5818,2418
2026-04-27 13:10,867.7,17910,15.5406,2403
2026-04-27 13:20,875.3,17858,15.6321,2394
2026-04-27 13:30,893.1,17927,16.0103,2428
2026-04-27 13:40,891.0,17814,15.8734,2386
2026-04-27 13:50,898.9,17965,16.1482,2434
2026-04-27 14:00,911.9,17857,16.2839,2403
2026-04-27 14:10,914.8,17887,16.3646,2362
2026-04-27 14:20,929.1,17898,16.6296,2424
2026-04-27 14:30,922.2,17843,16.455,2509
2026-04-27 14:40,935.3,17914,16.7556,2413
2026-04-27 14:50,943.0,17986,16.9613,2398
2026-04-27 15:00,960.6,17990,17.2819,2376
2026-04-27 15:10,964.0,17882,17.2397,2358
2026-04-27 15:20,978.7,17923,17.5422,2405
2026-04-27 15:30,990.3,17943,17.7701,2410
2026-04-27 15:40,991.8,17961,17.8134,2379
2026-04-27 15:50,1013.5,17890,18.1322,2422
2026-04-27 16:00,1025.6,17786,18.2425,2394
2026-04-27 16:10,1016.5,17985,18.2815,2387
2026-04-27 16:20,1050.2,17823,18.719,2410
2026-04-27 16:30,1034.1,17925,18.5356,2383
2026-04-27 16:40,1042.3,17808,18.5621,2403
2026-04-27 16:50,1042.7,17834,18.5962,2402
2026-04-27 17:00,1062.5,17951,19.074,2359
2026-04-27 17:10,1075.7,17916,19.2728,2390
2026-04-27 17:20,1074.8,17896,19.2346,2426
2026-04-27 17:30,1087.1,17942,19.5058,2391
2026-04-27 17:40,1112.9,17901,19.9216,2394
2026-04-27 17:50,1095.1,17828,19.5246,2411
2026-04-27 18:00,1115.2,17914,19.9774,2379
2026-04-27 18:10,1124.8,17868,20.099,2408
2026-04-27 18:20,1133.3,17993,20.3919,2379
2026-04-27 18:30,1153.1,17847,20.5793,2386
2026-04-27 18:40,1146.5,17962,20.5945,2413
2026-04-27 18:50,1163.5,17911,20.8394,2367
2026-04-27 19:00,1182.7,17969,21.2531,2398
2026-04-27 19:10,1180.8,17932,21.1747,2394
2026-04-27 19:20,1188.3,17875,21.2413,2389
2026-04-27 19:30,1195.3,17936,21.4401,2390
2026-04-27 19:40,1205.0,17868,21.5313,2355
2026-04-27 19:50,1230.2,17925,22.0514,2425
2026-04-27 20:00,1222.8,17972,21.9767,2404
2026-04-27 20:10,1248.0,17899,22.3378,2398
2026-04-27 20:20,1241.5,17903,22.2275,2406
2026-04-27 20:30,1267.0,17976,22.7776,2402
2026-04-27 20:40,1274.3,17764,22.6361,2385
2026-04-27 20:50,1275.9,17944,22.8959,2412
2026-04-27 21:00,1282.9,17876,22.9351,2376
2026-04-27 21:10,1308.1,17956,23.4881,2439
2026-04-27 21:20,1302.4,17873,23.2789,2416
2026-04-27 21:30,1311.7,17893,23.4705,2399
2026-04-27 21:40,1316.3,17856,23.505,2392
2026-04-27 21:50,1319.9,17929,23.6649,2425
2026-04-27 22:00,1334.3,17808,23.7628,2411
2026-04-27 22:10,1352.0,17901,24.2019,2359
2026-04-27 22:20,1344.3,17985,24.1784,2393
2026-04-27 22:30,1373.3,17896,24.5771,2412
2026-04-27 22:40,1368.6,17877,24.4682,2359
2026-04-27 22:50,1379.8,17864,24.6494,2345
2026-04-27 23:00,1394.4,17864,24.9107,2364
2026-04-27 23:10,1406.7,17899,25.179,2374
2026-04-27 23:20,1433.5,17935,25.711,2433
2026-04-27 23:30,1424.4,17944,25.5607,2422
2026-04-27 23:40,1420.5,17865,25.3793,2487
2026-04-27 23:50,1426.1,17924,25.5611,2393
